index,d1,d2,number of calculations,point type,Cids (may be more than one)
0,-0.4472135954999579,0.8944271909999159,4,1,1
1,-0.24253562503633297,0.9701425001453319,4,1,1
2,-0.1643989873053573,0.9863939238321437,4,1,1
3,0.0,1.0,5,1,1
"4,0.7071067811865475,0.7071067811865475,3,0,""[1, 2]"""
5,1.0,0.0,4,1,2
6,0.8944271909999159,-0.4472135954999579,3,0,2
7,0.9701425001453319,-0.24253562503633297,3,0,2
